Gene	Mutant	Rep	TdTomato%	Timepoint	sgRNA No.	sgrnaNo_real	Origin	Sequence	
ADPRHL2	G12D	1	4.44	0	1	1	K	AAAGGCTCCTATGGCAATGG	K-ADPRHL2-1
ADPRHL2	G12D	2	5.13	0	1	1	K	AAAGGCTCCTATGGCAATGG	K-ADPRHL2-1
ADPRHL2	G12D	1	3.26	5	1	1	K	AAAGGCTCCTATGGCAATGG	K-ADPRHL2-1
ADPRHL2	G12D	2	1.47	5	1	1	K	AAAGGCTCCTATGGCAATGG	K-ADPRHL2-1
ADPRHL2	G12D	1	6.49	10	1	1	K	AAAGGCTCCTATGGCAATGG	K-ADPRHL2-1
ADPRHL2	G12D	2	1.07	10	1	1	K	AAAGGCTCCTATGGCAATGG	K-ADPRHL2-1
ADPRHL2	G12D	1	3.79	15	1	1	K	AAAGGCTCCTATGGCAATGG	K-ADPRHL2-1
ADPRHL2	G12D	2	0.69	15	1	1	K	AAAGGCTCCTATGGCAATGG	K-ADPRHL2-1
AKR1C1	G12D	1	6.6	0	1	1	P	AGTGGATCTCTGTGCCACAT	P-AKR1C1-1
AKR1C1	G12D	2	2.07	0	1	1	P	AGTGGATCTCTGTGCCACAT	P-AKR1C1-1
AKR1C1	G12D	1	3.36	5	1	1	P	AGTGGATCTCTGTGCCACAT	P-AKR1C1-1
AKR1C1	G12D	2	0.55	5	1	1	P	AGTGGATCTCTGTGCCACAT	P-AKR1C1-1
AKR1C1	G12D	1	5.7	10	1	1	P	AGTGGATCTCTGTGCCACAT	P-AKR1C1-1
AKR1C1	G12D	2	8.41	10	1	1	P	AGTGGATCTCTGTGCCACAT	P-AKR1C1-1
AKR1C1	G12D	1	2.48	15	1	1	P	AGTGGATCTCTGTGCCACAT	P-AKR1C1-1
AKR1C1	G12D	2	4.67	15	1	1	P	AGTGGATCTCTGTGCCACAT	P-AKR1C1-1
ANKRD49	G12D	1	4.45	0	1	1	O	CAAAGACTTTGAGTACCAGT	O-ANKRD49-1
ANKRD49	G12D	2	9.38	0	1	1	O	CAAAGACTTTGAGTACCAGT	O-ANKRD49-1
ANKRD49	G12D	1	5.62	0	2	2	O	AGGCAATTCTGATGAAGATG	O-ANKRD49-2
ANKRD49	G12D	2	8.66	0	2	2	O	AGGCAATTCTGATGAAGATG	O-ANKRD49-2
ANKRD49	G12D	1	3.09	0	3	3	O	AAAGTGTTCAGAAAAATCCA	O-ANKRD49-3
ANKRD49	G12D	2	10.2	0	3	3	O	AAAGTGTTCAGAAAAATCCA	O-ANKRD49-3
ANKRD49	G12D	1	3.17	0	4	4	O	GTGTTTCCAACAATTCAAGT	O-ANKRD49-4
ANKRD49	G12D	2	6.67	0	4	4	O	GTGTTTCCAACAATTCAAGT	O-ANKRD49-4
ANKRD49	G12D	1	2.12	5	1	1	O	CAAAGACTTTGAGTACCAGT	O-ANKRD49-1
ANKRD49	G12D	2	5.56	5	1	1	O	CAAAGACTTTGAGTACCAGT	O-ANKRD49-1
ANKRD49	G12D	1	1.02	5	2	2	O	AGGCAATTCTGATGAAGATG	O-ANKRD49-2
ANKRD49	G12D	2	4.78	5	2	2	O	AGGCAATTCTGATGAAGATG	O-ANKRD49-2
ANKRD49	G12D	1	1.15	5	3	3	O	AAAGTGTTCAGAAAAATCCA	O-ANKRD49-3
ANKRD49	G12D	2	6.41	5	3	3	O	AAAGTGTTCAGAAAAATCCA	O-ANKRD49-3
ANKRD49	G12D	1	1.54	5	4	4	O	GTGTTTCCAACAATTCAAGT	O-ANKRD49-4
ANKRD49	G12D	2	5.83	5	4	4	O	GTGTTTCCAACAATTCAAGT	O-ANKRD49-4
ANKRD49	G12D	1	2.15	10	1	1	O	CAAAGACTTTGAGTACCAGT	O-ANKRD49-1
ANKRD49	G12D	2	21.6	10	1	1	O	CAAAGACTTTGAGTACCAGT	O-ANKRD49-1
ANKRD49	G12D	1	1.78	10	2	2	O	AGGCAATTCTGATGAAGATG	O-ANKRD49-2
ANKRD49	G12D	2	19	10	2	2	O	AGGCAATTCTGATGAAGATG	O-ANKRD49-2
ANKRD49	G12D	1	0.78	10	3	3	O	AAAGTGTTCAGAAAAATCCA	O-ANKRD49-3
ANKRD49	G12D	2	59.4	10	3	3	O	AAAGTGTTCAGAAAAATCCA	O-ANKRD49-3
ANKRD49	G12D	1	1.88	10	4	4	O	GTGTTTCCAACAATTCAAGT	O-ANKRD49-4
ANKRD49	G12D	2	14.7	10	4	4	O	GTGTTTCCAACAATTCAAGT	O-ANKRD49-4
ANKRD49	G12D	1	1.44	15	1	1	O	CAAAGACTTTGAGTACCAGT	O-ANKRD49-1
ANKRD49	G12D	2	3.15	15	1	1	O	CAAAGACTTTGAGTACCAGT	O-ANKRD49-1
ANKRD49	G12D	1	1.63	15	2	2	O	AGGCAATTCTGATGAAGATG	O-ANKRD49-2
ANKRD49	G12D	2	2.31	15	2	2	O	AGGCAATTCTGATGAAGATG	O-ANKRD49-2
ANKRD49	G12D	1	1.3	15	3	3	O	AAAGTGTTCAGAAAAATCCA	O-ANKRD49-3
ANKRD49	G12D	2	3.88	15	3	3	O	AAAGTGTTCAGAAAAATCCA	O-ANKRD49-3
ANKRD49	G12D	1	0.82	15	4	4	O	GTGTTTCCAACAATTCAAGT	O-ANKRD49-4
ANKRD49	G12D	2	3.88	15	4	3	O	AAAGTGTTCAGAAAAATCCA	O-ANKRD49-3
CDKN1A	G12D	1	6.59	0	2	2	K	CAGGCGAAGTCACCCTCCAG	K-CDKN1A-2
CDKN1A	G12D	2	17.7	0	2	2	K	CAGGCGAAGTCACCCTCCAG	K-CDKN1A-2
CDKN1A	G12D	1	4.28	0	3	3	K	CCAAGCTCTACCTTCCCACG	K-CDKN1A-3
CDKN1A	G12D	2	4.65	0	3	3	K	CCAAGCTCTACCTTCCCACG	K-CDKN1A-3
CDKN1A	G12D	1	5.26	0	5	5	K	CCAAGCTCTACCTTCCCACG	K-CDKN1A-5
CDKN1A	G12D	2	3.95	0	5	5	O	CCAAGCTCTACCTTCCCACG	O-CDKN1A-5
CDKN1A	G12D	1	2.71	5	2	2	K	CAGGCGAAGTCACCCTCCAG	K-CDKN1A-2
CDKN1A	G12D	2	11.5	5	2	2	K	CAGGCGAAGTCACCCTCCAG	K-CDKN1A-2
CDKN1A	G12D	1	2.11	5	3	3	K	CCAAGCTCTACCTTCCCACG	K-CDKN1A-3
CDKN1A	G12D	2	1.26	5	3	3	K	CCAAGCTCTACCTTCCCACG	K-CDKN1A-3
CDKN1A	G12D	1	0.83	5	5	5	K	CCAAGCTCTACCTTCCCACG	K-CDKN1A-5
CDKN1A	G12D	2	0.9	5	5	5	K	CCAAGCTCTACCTTCCCACG	K-CDKN1A-5
CDKN1A	G12D	1	5.39	10	2	2	K	CAGGCGAAGTCACCCTCCAG	K-CDKN1A-2
CDKN1A	G12D	2	27	10	2	2	K	CAGGCGAAGTCACCCTCCAG	K-CDKN1A-2
CDKN1A	G12D	1	7.49	10	3	3	K	CCAAGCTCTACCTTCCCACG	K-CDKN1A-3
CDKN1A	G12D	2	2.11	10	3	3	K	CCAAGCTCTACCTTCCCACG	K-CDKN1A-3
CDKN1A	G12D	1	1.67	10	5	5	K	CCAAGCTCTACCTTCCCACG	K-CDKN1A-5
CDKN1A	G12D	2	1.95	10	5	5	K	CCAAGCTCTACCTTCCCACG	K-CDKN1A-5
CDKN1A	G12D	1	1.51	15	2	2	K	CAGGCGAAGTCACCCTCCAG	K-CDKN1A-2
CDKN1A	G12D	2	8.13	15	2	2	K	CAGGCGAAGTCACCCTCCAG	K-CDKN1A-2
CDKN1A	G12D	1	13.7	15	3	3	K	CCAAGCTCTACCTTCCCACG	K-CDKN1A-3
CDKN1A	G12D	2	0.85	15	3	3	K	CCAAGCTCTACCTTCCCACG	K-CDKN1A-3
CDKN1A	G12D	1	0.67	15	5	5	K	CCAAGCTCTACCTTCCCACG	K-CDKN1A-5
CDKN1A	G12D	2	2.61	15	5	5	K	CCAAGCTCTACCTTCCCACG	K-CDKN1A-5
CELA3B	G12D	1	5.47	0	1	1	K	ACCCACAGGCCACACACGAG	K-CELA3B-1
CELA3B	G12D	2	3.81	0	1	1	K	ACCCACAGGCCACACACGAG	K-CELA3B-1
CELA3B	G12D	1	1.46	5	1	1	K	ACCCACAGGCCACACACGAG	K-CELA3B-1
CELA3B	G12D	2	1.42	5	1	1	K	ACCCACAGGCCACACACGAG	K-CELA3B-1
CELA3B	G12D	1	5.5	10	1	1	K	ACCCACAGGCCACACACGAG	K-CELA3B-1
CELA3B	G12D	2	0.68	10	1	1	K	ACCCACAGGCCACACACGAG	K-CELA3B-1
CELA3B	G12D	1	6.97	15	1	1	K	ACCCACAGGCCACACACGAG	K-CELA3B-1
CELA3B	G12D	2	0.87	15	1	1	K	ACCCACAGGCCACACACGAG	K-CELA3B-1
CRYAA	G12D	1	0.7	0	1	1	K	AGAGATGCCGGAGTCCAGCA	K-CRYAA-1
CRYAA	G12D	2	4.15	0	1	1	K	AGAGATGCCGGAGTCCAGCA	K-CRYAA-1
CRYAA	G12D	1	2.12	5	1	1	K	AGAGATGCCGGAGTCCAGCA	K-CRYAA-1
CRYAA	G12D	2	1.65	5	1	1	K	AGAGATGCCGGAGTCCAGCA	K-CRYAA-1
CRYAA	G12D	1	9.83	10	1	1	K	AGAGATGCCGGAGTCCAGCA	K-CRYAA-1
CRYAA	G12D	2	2.66	10	1	1	K	AGAGATGCCGGAGTCCAGCA	K-CRYAA-1
CRYAA	G12D	1	15.7	15	1	1	K	AGAGATGCCGGAGTCCAGCA	K-CRYAA-1
CRYAA	G12D	2	1.5	15	1	1	K	AGAGATGCCGGAGTCCAGCA	K-CRYAA-1
DLAT	G12D	1	5.51	0	1	1	P	ACTTGTTGCTGAAGGTACCA	P-DLAT-1
DLAT	G12D	2	4.54	0	1	1	P	ACTTGTTGCTGAAGGTACCA	P-DLAT-1
DLAT	G12D	1	1.8	5	1	1	P	ACTTGTTGCTGAAGGTACCA	P-DLAT-1
DLAT	G12D	2	3.73	5	1	1	P	ACTTGTTGCTGAAGGTACCA	P-DLAT-1
DLAT	G12D	1	1.27	10	1	1	P	ACTTGTTGCTGAAGGTACCA	P-DLAT-1
DLAT	G12D	2	4.01	10	1	1	P	ACTTGTTGCTGAAGGTACCA	P-DLAT-1
DLAT	G12D	1	1.02	15	1	1	P	ACTTGTTGCTGAAGGTACCA	P-DLAT-1
DLAT	G12D	2	7.16	15	1	1	P	ACTTGTTGCTGAAGGTACCA	P-DLAT-1
EN1	G12D	1	9.09	0	1	1	K	GCTACATCACGGAGCAGCGG	K-EN1-1
EN1	G12D	2	0	0	1	1	K	GCTACATCACGGAGCAGCGG	K-EN1-1
EN1	G12D	1	11.1	5	1	1	K	GCTACATCACGGAGCAGCGG	K-EN1-1
EN1	G12D	2	7.26	5	1	1	K	GCTACATCACGGAGCAGCGG	K-EN1-1
EN1	G12D	1	12.6	10	1	1	K	GCTACATCACGGAGCAGCGG	K-EN1-1
EN1	G12D	2	11.2	10	1	1	K	GCTACATCACGGAGCAGCGG	K-EN1-1
EN1	G12D	1	6.17	15	1	1	K	GCTACATCACGGAGCAGCGG	K-EN1-1
EN1	G12D	2	2.57	15	1	1	K	GCTACATCACGGAGCAGCGG	K-EN1-1
FANCA	G12D	1	18	0	1	1	K	CTGCCGCAGAGGACAGACGA	K-FANCA-1
FANCA	G12D	2	9.3	0	1	1	K	CTGCCGCAGAGGACAGACGA	K-FANCA-1
FANCA	G12D	1	4.48	0	2	2	K	CCATCTCAGAGTTGACCAAG	K-FANCA-2
FANCA	G12D	2	5.12	0	2	2	K	CCATCTCAGAGTTGACCAAG	K-FANCA-2
FANCA	G12D	1	5.25	0	3	3	K	CTGCCTTCGTCTGTCCTCTG	K-FANCA-3
FANCA	G12D	2	13.3	0	3	3	K	CTGCCTTCGTCTGTCCTCTG	K-FANCA-3
FANCA	G12D	1	5.78	0	4	4	K	GCTCCACAGTCAGCAGCACA	K-FANCA-4
FANCA	G12D	2	11.6	0	4	4	K	GCTCCACAGTCAGCAGCACA	K-FANCA-4
FANCA	G12D	1	6.95	5	1	1	K	CTGCCGCAGAGGACAGACGA	K-FANCA-1
FANCA	G12D	2	6.49	5	1	1	K	CTGCCGCAGAGGACAGACGA	K-FANCA-1
FANCA	G12D	1	1.72	5	2	2	K	CCATCTCAGAGTTGACCAAG	K-FANCA-2
FANCA	G12D	2	2.97	5	2	2	K	CCATCTCAGAGTTGACCAAG	K-FANCA-2
FANCA	G12D	1	1.64	5	3	3	K	CTGCCTTCGTCTGTCCTCTG	K-FANCA-3
FANCA	G12D	2	2.69	5	3	3	K	CTGCCTTCGTCTGTCCTCTG	K-FANCA-3
FANCA	G12D	1	2.21	5	4	4	K	GCTCCACAGTCAGCAGCACA	K-FANCA-4
FANCA	G12D	2	4.53	5	4	4	K	GCTCCACAGTCAGCAGCACA	K-FANCA-4
FANCA	G12D	1	13.4	10	1	1	K	CTGCCGCAGAGGACAGACGA	K-FANCA-1
FANCA	G12D	2	22.4	10	1	1	K	CTGCCGCAGAGGACAGACGA	K-FANCA-1
FANCA	G12D	1	6.63	10	2	2	K	CCATCTCAGAGTTGACCAAG	K-FANCA-2
FANCA	G12D	2	1.61	10	2	2	K	CCATCTCAGAGTTGACCAAG	K-FANCA-2
FANCA	G12D	1	3.5	10	3	3	K	CTGCCTTCGTCTGTCCTCTG	K-FANCA-3
FANCA	G12D	2	6.19	10	3	3	K	CTGCCTTCGTCTGTCCTCTG	K-FANCA-3
FANCA	G12D	1	4.11	10	4	4	K	GCTCCACAGTCAGCAGCACA	K-FANCA-4
FANCA	G12D	2	13.9	10	4	4	K	GCTCCACAGTCAGCAGCACA	K-FANCA-4
FANCA	G12D	1	2.68	15	1	1	K	CTGCCGCAGAGGACAGACGA	K-FANCA-1
FANCA	G12D	2	7.85	15	1	1	K	CTGCCGCAGAGGACAGACGA	K-FANCA-1
FANCA	G12D	1	13	15	2	2	K	CCATCTCAGAGTTGACCAAG	K-FANCA-2
FANCA	G12D	2	2.58	15	2	2	K	CCATCTCAGAGTTGACCAAG	K-FANCA-2
FANCA	G12D	1	2.4	15	3	3	K	CTGCCTTCGTCTGTCCTCTG	K-FANCA-3
FANCA	G12D	2	1.09	15	3	3	K	CTGCCTTCGTCTGTCCTCTG	K-FANCA-3
FANCA	G12D	1	1.05	15	4	4	K	GCTCCACAGTCAGCAGCACA	K-FANCA-4
FANCA	G12D	2	3.41	15	4	4	K	GCTCCACAGTCAGCAGCACA	K-FANCA-4
FANCC	G12D	1	14.3	0	1	1	K	AGGGTCTTGCAGCAGCACCA	K-FANCC-1
FANCC	G12D	2	9.29	0	1	1	K	AGGGTCTTGCAGCAGCACCA	K-FANCC-1
FANCC	G12D	1	4.64	0	2	2	K	GCAAGACACCTGTCTTCACG	K-FANCC-2
FANCC	G12D	2	4.52	0	2	2	K	GCAAGACACCTGTCTTCACG	K-FANCC-2
FANCC	G12D	1	20	0	3	3	K	ACATCTGTCAGGGTAATAAG	K-FANCC-3
FANCC	G12D	2	20	0	3	3	K	ACATCTGTCAGGGTAATAAG	K-FANCC-3
FANCC	G12D	1	4.7	0	4	4	K	ATGGATTTAACACTCAAAGG	K-FANCC-4
FANCC	G12D	2	5.65	0	4	4	K	ATGGATTTAACACTCAAAGG	K-FANCC-4
FANCC	G12D	1	4.85	0	5	5	K	GGCAGACTACAGCTGACATG	K-FANCC-5
FANCC	G12D	2	5.69	0	5	5	K	GGCAGACTACAGCTGACATG	K-FANCC-5
FANCC	G12D	1	1.75	5	1	1	K	AGGGTCTTGCAGCAGCACCA	K-FANCC-1
FANCC	G12D	2	2.32	5	1	1	K	AGGGTCTTGCAGCAGCACCA	K-FANCC-1
FANCC	G12D	1	2.04	5	2	2	K	GCAAGACACCTGTCTTCACG	K-FANCC-2
FANCC	G12D	2	0.67	5	2	2	K	GCAAGACACCTGTCTTCACG	K-FANCC-2
FANCC	G12D	1	6.41	5	3	3	K	ACATCTGTCAGGGTAATAAG	K-FANCC-3
FANCC	G12D	2	6.15	5	3	3	K	ACATCTGTCAGGGTAATAAG	K-FANCC-3
FANCC	G12D	1	1.47	5	4	4	K	ATGGATTTAACACTCAAAGG	K-FANCC-4
FANCC	G12D	2	1.15	5	4	4	K	ATGGATTTAACACTCAAAGG	K-FANCC-4
FANCC	G12D	1	1.35	5	5	5	K	GGCAGACTACAGCTGACATG	K-FANCC-5
FANCC	G12D	2	1.57	5	5	5	K	GGCAGACTACAGCTGACATG	K-FANCC-5
FANCC	G12D	1	13.4	10	1	1	K	AGGGTCTTGCAGCAGCACCA	K-FANCC-1
FANCC	G12D	2	4.31	10	1	1	K	AGGGTCTTGCAGCAGCACCA	K-FANCC-1
FANCC	G12D	1	1.95	10	2	2	K	GCAAGACACCTGTCTTCACG	K-FANCC-2
FANCC	G12D	2	4.96	10	2	2	K	GCAAGACACCTGTCTTCACG	K-FANCC-2
FANCC	G12D	1	12.3	10	3	3	K	ACATCTGTCAGGGTAATAAG	K-FANCC-3
FANCC	G12D	2	5.53	10	3	3	K	ACATCTGTCAGGGTAATAAG	K-FANCC-3
FANCC	G12D	1	1.53	10	4	4	K	ATGGATTTAACACTCAAAGG	K-FANCC-4
FANCC	G12D	2	3.27	10	4	4	K	ATGGATTTAACACTCAAAGG	K-FANCC-4
FANCC	G12D	1	1.8	10	5	5	K	GGCAGACTACAGCTGACATG	K-FANCC-5
FANCC	G12D	2	4.38	10	5	5	K	GGCAGACTACAGCTGACATG	K-FANCC-5
FANCC	G12D	1	2.44	15	1	1	K	AGGGTCTTGCAGCAGCACCA	K-FANCC-1
FANCC	G12D	2	2.37	15	1	1	K	AGGGTCTTGCAGCAGCACCA	K-FANCC-1
FANCC	G12D	1	0.62	15	2	2	K	GCAAGACACCTGTCTTCACG	K-FANCC-2
FANCC	G12D	2	2.45	15	2	2	K	GCAAGACACCTGTCTTCACG	K-FANCC-2
FANCC	G12D	1	2.42	15	3	3	K	ACATCTGTCAGGGTAATAAG	K-FANCC-3
FANCC	G12D	2	5.36	15	3	3	K	ACATCTGTCAGGGTAATAAG	K-FANCC-3
FANCC	G12D	1	0.46	15	4	4	K	ATGGATTTAACACTCAAAGG	K-FANCC-4
FANCC	G12D	2	0.62	15	4	2	K	GCAAGACACCTGTCTTCACG	K-FANCC-2
FANCC	G12D	1	0.7	15	5	5	K	GGCAGACTACAGCTGACATG	K-FANCC-5
FANCC	G12D	2	1.48	15	5	5	K	GGCAGACTACAGCTGACATG	K-FANCC-5
FANCG	G12D	1	5.9	0	1	1	K	GAAGAACAGGAACAGCTGCA	K-FANCG-1
FANCG	G12D	2	14	0	1	1	K	GAAGAACAGGAACAGCTGCA	K-FANCG-1
FANCG	G12D	1	5.88	0	1	1	O	ACGGTCAGCACTCAACCAGA	O-FANCG-1
FANCG	G12D	2	10	0	1	1	O	ACGGTCAGCACTCAACCAGA	O-FANCG-1
FANCG	G12D	1	8.65	0	2	2	K	AGGGGTGAGGCTAGGTCAGG	K-FANCG-2
FANCG	G12D	2	2.94	0	2	2	K	AGGGGTGAGGCTAGGTCAGG	K-FANCG-2
FANCG	G12D	1	7.62	0	2	2	O	GAAGAACAGGAACAGCTGCA	O-FANCG-2
FANCG	G12D	2	9.09	0	2	2	O	GAAGAACAGGAACAGCTGCA	O-FANCG-2
FANCG	G12D	1	9.68	0	3	3	K	CAGCCTGCAGGCCAACCAGG	K-FANCG-3
FANCG	G12D	2	7.51	0	3	3	K	CAGCCTGCAGGCCAACCAGG	K-FANCG-3
FANCG	G12D	1	3.12	0	3	3	O	TGGCCCGGAAGAGCAGCTCG	O-FANCG-3
FANCG	G12D	2	10.2	0	3	3	O	TGGCCCGGAAGAGCAGCTCG	O-FANCG-3
FANCG	G12D	1	37.5	0	4	4	K	ACGGTCAGCACTCAACCAGA	K-FANCG-4
FANCG	G12D	2	11.1	0	4	4	K	ACGGTCAGCACTCAACCAGA	K-FANCG-4
FANCG	G12D	1	3.57	0	5	5	K	CAGTCCACGACTAATTAGGG	K-FANCG-5
FANCG	G12D	2	4.46	0	5	5	K	CAGTCCACGACTAATTAGGG	K-FANCG-5
FANCG	G12D	1	1.35	5	1	1	K	GAAGAACAGGAACAGCTGCA	K-FANCG-1
FANCG	G12D	2	6.57	5	1	1	K	GAAGAACAGGAACAGCTGCA	K-FANCG-1
FANCG	G12D	1	0.75	5	1	1	O	ACGGTCAGCACTCAACCAGA	O-FANCG-1
FANCG	G12D	2	5.12	5	1	1	O	ACGGTCAGCACTCAACCAGA	O-FANCG-1
FANCG	G12D	1	2.27	5	2	2	K	AGGGGTGAGGCTAGGTCAGG	K-FANCG-2
FANCG	G12D	2	1.35	5	2	1	K	GAAGAACAGGAACAGCTGCA	K-FANCG-1
FANCG	G12D	1	1.84	5	2	2	O	GAAGAACAGGAACAGCTGCA	O-FANCG-2
FANCG	G12D	2	7.88	5	2	2	O	GAAGAACAGGAACAGCTGCA	O-FANCG-2
FANCG	G12D	1	2.38	5	3	3	K	CAGCCTGCAGGCCAACCAGG	K-FANCG-3
FANCG	G12D	2	1.62	5	3	3	K	CAGCCTGCAGGCCAACCAGG	K-FANCG-3
FANCG	G12D	1	6.02	5	3	3	O	TGGCCCGGAAGAGCAGCTCG	O-FANCG-3
FANCG	G12D	2	3.03	5	3	3	O	TGGCCCGGAAGAGCAGCTCG	O-FANCG-3
FANCG	G12D	1	8.57	5	4	4	K	ACGGTCAGCACTCAACCAGA	K-FANCG-4
FANCG	G12D	2	3.57	5	4	5	K	CAGTCCACGACTAATTAGGG	K-FANCG-5
FANCG	G12D	1	2.29	5	5	5	K	CAGTCCACGACTAATTAGGG	K-FANCG-5
FANCG	G12D	2	2.75	5	5	5	K	CAGTCCACGACTAATTAGGG	K-FANCG-5
FANCG	G12D	1	4.45	10	1	1	K	GAAGAACAGGAACAGCTGCA	K-FANCG-1
FANCG	G12D	2	13.4	10	1	1	K	GAAGAACAGGAACAGCTGCA	K-FANCG-1
FANCG	G12D	1	2.55	10	1	1	O	ACGGTCAGCACTCAACCAGA	O-FANCG-1
FANCG	G12D	2	36.9	10	1	1	O	ACGGTCAGCACTCAACCAGA	O-FANCG-1
FANCG	G12D	1	2.8	10	2	2	K	AGGGGTGAGGCTAGGTCAGG	K-FANCG-2
FANCG	G12D	2	1.65	10	2	2	K	AGGGGTGAGGCTAGGTCAGG	K-FANCG-2
FANCG	G12D	1	5.6	10	2	2	O	GAAGAACAGGAACAGCTGCA	O-FANCG-2
FANCG	G12D	2	17.7	10	2	2	O	GAAGAACAGGAACAGCTGCA	O-FANCG-2
FANCG	G12D	1	7.58	10	3	3	K	CAGCCTGCAGGCCAACCAGG	K-FANCG-3
FANCG	G12D	2	2.2	10	3	3	K	CAGCCTGCAGGCCAACCAGG	K-FANCG-3
FANCG	G12D	1	4.74	10	3	3	O	TGGCCCGGAAGAGCAGCTCG	O-FANCG-3
FANCG	G12D	2	16.6	10	3	3	O	TGGCCCGGAAGAGCAGCTCG	O-FANCG-3
FANCG	G12D	1	20.7	10	4	4	K	ACGGTCAGCACTCAACCAGA	K-FANCG-4
FANCG	G12D	2	14.1	10	4	4	K	ACGGTCAGCACTCAACCAGA	K-FANCG-4
FANCG	G12D	1	1.41	10	5	5	K	CAGTCCACGACTAATTAGGG	K-FANCG-5
FANCG	G12D	2	3.41	10	5	5	K	CAGTCCACGACTAATTAGGG	K-FANCG-5
FANCG	G12D	1	1.72	15	1	1	K	GAAGAACAGGAACAGCTGCA	K-FANCG-1
FANCG	G12D	2	3.17	15	1	1	K	GAAGAACAGGAACAGCTGCA	K-FANCG-1
FANCG	G12D	1	2.28	15	1	1	O	ACGGTCAGCACTCAACCAGA	O-FANCG-1
FANCG	G12D	2	1.32	15	1	1	O	ACGGTCAGCACTCAACCAGA	O-FANCG-1
FANCG	G12D	1	1.92	15	2	2	K	AGGGGTGAGGCTAGGTCAGG	K-FANCG-2
FANCG	G12D	2	1.12	15	2	2	K	AGGGGTGAGGCTAGGTCAGG	K-FANCG-2
FANCG	G12D	1	1.73	15	2	2	O	GAAGAACAGGAACAGCTGCA	O-FANCG-2
FANCG	G12D	2	4.91	15	2	2	O	GAAGAACAGGAACAGCTGCA	O-FANCG-2
FANCG	G12D	1	5.79	15	3	3	K	CAGCCTGCAGGCCAACCAGG	K-FANCG-3
FANCG	G12D	2	0.9	15	3	3	K	CAGCCTGCAGGCCAACCAGG	K-FANCG-3
FANCG	G12D	1	3.8	15	3	3	O	TGGCCCGGAAGAGCAGCTCG	O-FANCG-3
FANCG	G12D	2	1.73	15	3	2	O	GAAGAACAGGAACAGCTGCA	O-FANCG-2
FANCG	G12D	1	20.1	15	4	4	K	ACGGTCAGCACTCAACCAGA	K-FANCG-4
FANCG	G12D	2	9.51	15	4	4	K	ACGGTCAGCACTCAACCAGA	K-FANCG-4
FANCG	G12D	1	0.73	15	5	5	K	CAGTCCACGACTAATTAGGG	K-FANCG-5
FANCG	G12D	2	0.4	15	5	5	K	CAGTCCACGACTAATTAGGG	K-FANCG-5
FGFR1OP	G12D	1	6.67	0	1	1	P	GAGAAAAGTGAGATAAGTAT	P-FGFR1OP-1
FGFR1OP	G12D	2	7.65	0	1	1	P	GAGAAAAGTGAGATAAGTAT	P-FGFR1OP-1
FGFR1OP	G12D	1	4.39	5	1	1	P	GAGAAAAGTGAGATAAGTAT	P-FGFR1OP-1
FGFR1OP	G12D	2	1.69	5	1	1	P	GAGAAAAGTGAGATAAGTAT	P-FGFR1OP-1
FGFR1OP	G12D	1	12.3	10	1	1	P	GAGAAAAGTGAGATAAGTAT	P-FGFR1OP-1
FGFR1OP	G12D	2	0.4	10	1	1	P	GAGAAAAGTGAGATAAGTAT	P-FGFR1OP-1
FGFR1OP	G12D	1	20	15	1	1	P	GAGAAAAGTGAGATAAGTAT	P-FGFR1OP-1
FGFR1OP	G12D	2	8.28	15	1	1	P	GAGAAAAGTGAGATAAGTAT	P-FGFR1OP-1
GATA2DA	G12D	1	9.8	0	1	1	P	GACCCGGCATTGCCGCCCAG	P-GATA2DA-1
GATA2DA	G12D	2	2.85	0	1	1	P	GACCCGGCATTGCCGCCCAG	P-GATA2DA-1
GATA2DA	G12D	1	2.58	5	1	1	P	GACCCGGCATTGCCGCCCAG	P-GATA2DA-1
GATA2DA	G12D	2	1.69	5	1	1	P	GACCCGGCATTGCCGCCCAG	P-GATA2DA-1
GATA2DA	G12D	1	3.94	10	1	1	P	GACCCGGCATTGCCGCCCAG	P-GATA2DA-1
GATA2DA	G12D	2	5.58	10	1	1	P	GACCCGGCATTGCCGCCCAG	P-GATA2DA-1
GATA2DA	G12D	1	1.78	15	1	1	P	GACCCGGCATTGCCGCCCAG	P-GATA2DA-1
GATA2DA	G12D	2	2.86	15	1	1	P	GACCCGGCATTGCCGCCCAG	P-GATA2DA-1
IFNA13	G12D	1	5.31	0	1	1	P	CGGTGCAGAATTTGTCTAGG	P-IFNA13-1
IFNA13	G12D	2	8.21	0	1	1	P	CGGTGCAGAATTTGTCTAGG	P-IFNA13-1
IFNA13	G12D	1	1.01	5	1	1	P	CGGTGCAGAATTTGTCTAGG	P-IFNA13-1
IFNA13	G12D	2	4.56	5	1	1	P	CGGTGCAGAATTTGTCTAGG	P-IFNA13-1
IFNA13	G12D	1	1.9	10	1	1	P	CGGTGCAGAATTTGTCTAGG	P-IFNA13-1
IFNA13	G12D	2	13.8	10	1	1	P	CGGTGCAGAATTTGTCTAGG	P-IFNA13-1
IFNA13	G12D	1	0.32	15	1	1	P	CGGTGCAGAATTTGTCTAGG	P-IFNA13-1
IFNA13	G12D	2	11	15	1	1	P	CGGTGCAGAATTTGTCTAGG	P-IFNA13-1
LOR	G12D	1	4.76	0	1	1	K	GGCGGTGGCTACTCTGGCGG	K-LOR-1
LOR	G12D	2	1.49	0	1	1	K	GGCGGTGGCTACTCTGGCGG	K-LOR-1
LOR	G12D	1	10.5	5	1	1	K	GGCGGTGGCTACTCTGGCGG	K-LOR-1
LOR	G12D	2	1.42	5	1	1	K	GGCGGTGGCTACTCTGGCGG	K-LOR-1
LOR	G12D	1	8.01	10	1	1	K	GGCGGTGGCTACTCTGGCGG	K-LOR-1
LOR	G12D	2	5	10	1	1	K	GGCGGTGGCTACTCTGGCGG	K-LOR-1
LOR	G12D	1	10.1	15	1	1	K	GGCGGTGGCTACTCTGGCGG	K-LOR-1
LOR	G12D	2	0.38	15	1	1	K	GGCGGTGGCTACTCTGGCGG	K-LOR-1
NDUFB10	G12D	1	5.8	0	1	1	O	TCACGGGTCGGTCCACGATG	O-NDUFB10-1
NDUFB10	G12D	2	8.33	0	1	1	O	TCACGGGTCGGTCCACGATG	O-NDUFB10-1
NDUFB10	G12D	1	6.25	0	2	2	O	ACAGGTATTACTACTACCAC	O-NDUFB10-2
NDUFB10	G12D	2	8.33	0	2	1	O	TCACGGGTCGGTCCACGATG	O-NDUFB10-1
NDUFB10	G12D	1	8.19	0	3	3	O	CAGTGATGTCTGGCACGCGG	O-NDUFB10-3
NDUFB10	G12D	2	7.05	0	3	3	O	CAGTGATGTCTGGCACGCGG	O-NDUFB10-3
NDUFB10	G12D	1	1.69	0	4	4	O	AGACATCACTGAGTGCAAGG	O-NDUFB10-4
NDUFB10	G12D	2	5.21	0	4	4	O	AGACATCACTGAGTGCAAGG	O-NDUFB10-4
NDUFB10	G12D	1	3.69	5	1	1	O	TCACGGGTCGGTCCACGATG	O-NDUFB10-1
NDUFB10	G12D	2	1.69	5	1	4	O	AGACATCACTGAGTGCAAGG	O-NDUFB10-4
NDUFB10	G12D	1	4.36	5	2	2	O	ACAGGTATTACTACTACCAC	O-NDUFB10-2
NDUFB10	G12D	2	2.11	5	2	2	O	ACAGGTATTACTACTACCAC	O-NDUFB10-2
NDUFB10	G12D	1	2.24	5	3	3	O	CAGTGATGTCTGGCACGCGG	O-NDUFB10-3
NDUFB10	G12D	2	3.01	5	3	3	O	CAGTGATGTCTGGCACGCGG	O-NDUFB10-3
NDUFB10	G12D	1	1.97	5	4	4	O	AGACATCACTGAGTGCAAGG	O-NDUFB10-4
NDUFB10	G12D	2	3.12	5	4	4	O	AGACATCACTGAGTGCAAGG	O-NDUFB10-4
NDUFB10	G12D	1	3.27	10	1	1	O	TCACGGGTCGGTCCACGATG	O-NDUFB10-1
NDUFB10	G12D	2	4.95	10	1	1	O	TCACGGGTCGGTCCACGATG	O-NDUFB10-1
NDUFB10	G12D	1	1.4	10	2	2	O	ACAGGTATTACTACTACCAC	O-NDUFB10-2
NDUFB10	G12D	2	11.2	10	2	2	O	ACAGGTATTACTACTACCAC	O-NDUFB10-2
NDUFB10	G12D	1	3.55	10	3	3	O	CAGTGATGTCTGGCACGCGG	O-NDUFB10-3
NDUFB10	G12D	2	7.37	10	3	3	O	CAGTGATGTCTGGCACGCGG	O-NDUFB10-3
NDUFB10	G12D	1	3.89	10	4	4	O	AGACATCACTGAGTGCAAGG	O-NDUFB10-4
NDUFB10	G12D	2	8.11	10	4	4	O	AGACATCACTGAGTGCAAGG	O-NDUFB10-4
NDUFB10	G12D	1	1.89	15	1	1	O	TCACGGGTCGGTCCACGATG	O-NDUFB10-1
NDUFB10	G12D	2	1.22	15	1	1	O	TCACGGGTCGGTCCACGATG	O-NDUFB10-1
NDUFB10	G12D	1	1.48	15	2	2	O	ACAGGTATTACTACTACCAC	O-NDUFB10-2
NDUFB10	G12D	2	1.91	15	2	2	O	ACAGGTATTACTACTACCAC	O-NDUFB10-2
NDUFB10	G12D	1	2.37	15	3	3	O	CAGTGATGTCTGGCACGCGG	O-NDUFB10-3
NDUFB10	G12D	2	1.8	15	3	3	O	CAGTGATGTCTGGCACGCGG	O-NDUFB10-3
NDUFB10	G12D	1	1.19	15	4	4	O	AGACATCACTGAGTGCAAGG	O-NDUFB10-4
NDUFB10	G12D	2	1.63	15	4	4	O	AGACATCACTGAGTGCAAGG	O-NDUFB10-4
NDUFB6	G12D	1	4.92	0	1	1	O	GTACCAGCGGCGACATGACG	O-NDUFB6-1
NDUFB6	G12D	2	5.93	0	1	1	O	GTACCAGCGGCGACATGACG	O-NDUFB6-1
NDUFB6	G12D	1	2.77	5	1	1	O	GTACCAGCGGCGACATGACG	O-NDUFB6-1
NDUFB6	G12D	2	5.04	5	1	1	O	GTACCAGCGGCGACATGACG	O-NDUFB6-1
NDUFB6	G12D	1	8.99	10	1	1	O	GTACCAGCGGCGACATGACG	O-NDUFB6-1
NDUFB6	G12D	2	5.89	10	1	1	O	GTACCAGCGGCGACATGACG	O-NDUFB6-1
NDUFB6	G12D	1	1.35	15	1	1	O	GTACCAGCGGCGACATGACG	O-NDUFB6-1
NDUFB6	G12D	2	0.77	15	1	1	O	GTACCAGCGGCGACATGACG	O-NDUFB6-1
NDUFS3	G12D	1	3.28	0	1	1	P	GGGCGTCAGCTCATCTGTGT	P-NDUFS3-1
NDUFS3	G12D	2	15.8	0	1	1	P	GGGCGTCAGCTCATCTGTGT	P-NDUFS3-1
NDUFS3	G12D	1	0.95	5	1	1	P	GGGCGTCAGCTCATCTGTGT	P-NDUFS3-1
NDUFS3	G12D	2	10.1	5	1	1	P	GGGCGTCAGCTCATCTGTGT	P-NDUFS3-1
NDUFS3	G12D	1	1.74	10	1	1	P	GGGCGTCAGCTCATCTGTGT	P-NDUFS3-1
NDUFS3	G12D	2	28.3	10	1	1	P	GGGCGTCAGCTCATCTGTGT	P-NDUFS3-1
NDUFS3	G12D	1	1.15	15	1	1	P	GGGCGTCAGCTCATCTGTGT	P-NDUFS3-1
NDUFS3	G12D	2	2.95	15	1	1	P	GGGCGTCAGCTCATCTGTGT	P-NDUFS3-1
NOG	G12D	1	8.9	0	1	1	K	AGATAGTGCTGGCCGCCGGC	K-NOG-1
NOG	G12D	2	1.86	0	1	1	K	AGATAGTGCTGGCCGCCGGC	K-NOG-1
NOG	G12D	1	2.8	5	1	1	K	AGATAGTGCTGGCCGCCGGC	K-NOG-1
NOG	G12D	2	0.88	5	1	1	K	AGATAGTGCTGGCCGCCGGC	K-NOG-1
NOG	G12D	1	10.3	10	1	1	K	AGATAGTGCTGGCCGCCGGC	K-NOG-1
NOG	G12D	2	2.08	10	1	1	K	AGATAGTGCTGGCCGCCGGC	K-NOG-1
NOG	G12D	1	6.07	15	1	1	K	AGATAGTGCTGGCCGCCGGC	K-NOG-1
NOG	G12D	2	0.56	15	1	1	K	AGATAGTGCTGGCCGCCGGC	K-NOG-1
NTC	G12D	1	14.3	0	1	1	K	CGGTGAGGATCCCTCTTGCG	K-NTC-1
NTC	G12D	2	50	0	1	1	K	CGGTGAGGATCCCTCTTGCG	K-NTC-1
NTC	G12D	1	2.27	0	2	2	K	TCACACGGGATCTCGCCGGT	K-NTC-2
NTC	G12D	2	4.13	0	2	2	K	TCACACGGGATCTCGCCGGT	K-NTC-2
NTC	G12D	1	4.25	0	3	0	O	ACGTGTAAGGCGAACGCCTT	O-NTC-0
NTC	G12D	2	14	0	3	0	O	ACGTGTAAGGCGAACGCCTT	O-NTC-0
NTC	G12D	1	9.09	5	1	1	K	CGGTGAGGATCCCTCTTGCG	K-NTC-1
NTC	G12D	2	14.3	5	1	1	K	TCACACGGGATCTCGCCGGT	K-NTC-1
NTC	G12D	1	1.49	5	2	2	K	TCACACGGGATCTCGCCGGT	K-NTC-2
NTC	G12D	2	7.7	5	2	2	K	TCACACGGGATCTCGCCGGT	K-NTC-2
NTC	G12D	1	1.32	5	3	0	O	ACGTGTAAGGCGAACGCCTT	O-NTC-0
NTC	G12D	2	2.43	5	3	0	O	ACGTGTAAGGCGAACGCCTT	O-NTC-0
NTC	G12D	1	10.8	10	1	1	K	CGGTGAGGATCCCTCTTGCG	K-NTC-1
NTC	G12D	2	35.7	10	1	1	K	CGGTGAGGATCCCTCTTGCG	K-NTC-1
NTC	G12D	1	3	10	2	2	K	TCACACGGGATCTCGCCGGT	K-NTC-2
NTC	G12D	2	0.56	10	2	2	K	TCACACGGGATCTCGCCGGT	K-NTC-2
NTC	G12D	1	1.12	10	3	0	O	ACGTGTAAGGCGAACGCCTT	O-NTC-0
NTC	G12D	2	0.83	10	3	0	O	ACGTGTAAGGCGAACGCCTT	O-NTC-0
NTC	G12D	1	14	15	1	0	O	ACGTGTAAGGCGAACGCCTT	O-NTC-0
NTC	G12D	2	42.9	15	1	1	K	CGGTGAGGATCCCTCTTGCG	K-NTC-1
NTC	G12D	1	0.75	15	2	2	K	TCACACGGGATCTCGCCGGT	K-NTC-2
NTC	G12D	2	0.67	15	2	2	K	TCACACGGGATCTCGCCGGT	K-NTC-2
NTC	G12D	1	0.7	15	3	0	O	ACGTGTAAGGCGAACGCCTT	O-NTC-0
NTC	G12D	2	0.39	15	3	0	O	ACGTGTAAGGCGAACGCCTT	O-NTC-0
PBXIP1	G12D	1	9.36	0	1	1	K	CAGACCCTCCATGTCCACGT	K-PBXIP1-1
PBXIP1	G12D	2	3.37	0	1	1	K	CAGACCCTCCATGTCCACGT	K-PBXIP1-1
PBXIP1	G12D	1	1.85	5	1	1	K	CAGACCCTCCATGTCCACGT	K-PBXIP1-1
PBXIP1	G12D	2	1.45	5	1	1	K	CAGACCCTCCATGTCCACGT	K-PBXIP1-1
PBXIP1	G12D	1	6.5	10	1	1	K	CAGACCCTCCATGTCCACGT	K-PBXIP1-1
PBXIP1	G12D	2	1.64	10	1	1	K	CAGACCCTCCATGTCCACGT	K-PBXIP1-1
PBXIP1	G12D	1	1.47	15	1	1	K	CAGACCCTCCATGTCCACGT	K-PBXIP1-1
PBXIP1	G12D	2	0.55	15	1	1	K	CAGACCCTCCATGTCCACGT	K-PBXIP1-1
RAB26	G12D	1	12.1	0	1	1	P	CAAGGATGGTGCTTTCCTGG	P-RAB26-1
RAB26	G12D	2	10.3	0	1	1	P	CAAGGATGGTGCTTTCCTGG	P-RAB26-1
RAB26	G12D	1	3.45	0	2	2	P	GGCCGGCCCTCGCTTGGCGG	P-RAB26-2
RAB26	G12D	2	10.2	0	2	2	P	GGCCGGCCCTCGCTTGGCGG	P-RAB26-2
RAB26	G12D	1	3.03	5	1	1	P	CAAGGATGGTGCTTTCCTGG	P-RAB26-1
RAB26	G12D	2	4.49	5	1	1	P	CAAGGATGGTGCTTTCCTGG	P-RAB26-1
RAB26	G12D	1	3.1	5	2	2	P	GGCCGGCCCTCGCTTGGCGG	P-RAB26-2
RAB26	G12D	2	1.07	5	2	2	P	GGCCGGCCCTCGCTTGGCGG	P-RAB26-2
RAB26	G12D	1	4.79	10	1	1	P	CAAGGATGGTGCTTTCCTGG	P-RAB26-1
RAB26	G12D	2	7.32	10	1	1	P	CAAGGATGGTGCTTTCCTGG	P-RAB26-1
RAB26	G12D	1	8.85	10	2	2	P	GGCCGGCCCTCGCTTGGCGG	P-RAB26-2
RAB26	G12D	2	6.03	10	2	2	P	GGCCGGCCCTCGCTTGGCGG	P-RAB26-2
RAB26	G12D	1	11.2	15	1	1	P	CAAGGATGGTGCTTTCCTGG	P-RAB26-1
RAB26	G12D	2	7.73	15	1	1	P	CAAGGATGGTGCTTTCCTGG	P-RAB26-1
RAB26	G12D	1	2.4	15	2	2	P	GGCCGGCCCTCGCTTGGCGG	P-RAB26-2
RAB26	G12D	2	1.78	15	2	2	P	GGCCGGCCCTCGCTTGGCGG	P-RAB26-2
RCN2	G12D	1	3	0	1	1	K	TGGTGATGGATTTGTTAGTT	K-RCN2-1
RCN2	G12D	2	5.96	0	1	1	K	TGGTGATGGATTTGTTAGTT	K-RCN2-1
RCN2	G12D	1	2.26	5	1	1	K	TGGTGATGGATTTGTTAGTT	K-RCN2-1
RCN2	G12D	2	4.36	5	1	1	K	TGGTGATGGATTTGTTAGTT	K-RCN2-1
RCN2	G12D	1	1.83	10	1	1	K	TGGTGATGGATTTGTTAGTT	K-RCN2-1
RCN2	G12D	2	14.4	10	1	1	K	TGGTGATGGATTTGTTAGTT	K-RCN2-1
RCN2	G12D	1	1.98	15	1	1	K	TGGTGATGGATTTGTTAGTT	K-RCN2-1
RCN2	G12D	2	1.25	15	1	1	K	TGGTGATGGATTTGTTAGTT	K-RCN2-1
RTCA	G12D	1	7.23	0	1	1	K	TCTTAGACATGGTGGTACTG	K-RTCA-1
RTCA	G12D	2	4.28	0	1	1	K	TCTTAGACATGGTGGTACTG	K-RTCA-1
RTCA	G12D	1	1.71	5	1	1	K	TCTTAGACATGGTGGTACTG	K-RTCA-1
RTCA	G12D	2	1.37	5	1	1	K	TCTTAGACATGGTGGTACTG	K-RTCA-1
RTCA	G12D	1	11.7	10	1	1	K	TCTTAGACATGGTGGTACTG	K-RTCA-1
RTCA	G12D	2	2.01	10	1	1	K	TCTTAGACATGGTGGTACTG	K-RTCA-1
RTCA	G12D	1	13.5	15	1	1	K	TCTTAGACATGGTGGTACTG	K-RTCA-1
RTCA	G12D	2	1.14	15	1	1	K	TCTTAGACATGGTGGTACTG	K-RTCA-1
SLC35B4	G12D	1	4.12	0	1	1	K	TTCCCAAATCAGCTTCAAAG	K-SLC35B4-1
SLC35B4	G12D	2	5.9	0	1	1	K	TTCCCAAATCAGCTTCAAAG	K-SLC35B4-1
SLC35B4	G12D	1	2.72	5	1	1	K	TTCCCAAATCAGCTTCAAAG	K-SLC35B4-1
SLC35B4	G12D	2	1.62	5	1	1	K	TTCCCAAATCAGCTTCAAAG	K-SLC35B4-1
SLC35B4	G12D	1	0.59	10	1	1	K	TTCCCAAATCAGCTTCAAAG	K-SLC35B4-1
SLC35B4	G12D	2	1.33	10	1	1	K	TTCCCAAATCAGCTTCAAAG	K-SLC35B4-1
SLC35B4	G12D	1	12.6	15	1	1	K	TTCCCAAATCAGCTTCAAAG	K-SLC35B4-1
SLC35B4	G12D	2	0.4	15	1	1	K	TTCCCAAATCAGCTTCAAAG	K-SLC35B4-1
SRFBP1	G12D	1	10.2	0	1	1	P	ATGTCTGAAGATAGTGATAG	P-SRFBP1-1
SRFBP1	G12D	2	11.1	0	1	1	P	ATGTCTGAAGATAGTGATAG	P-SRFBP1-1
SRFBP1	G12D	1	4.86	5	1	1	P	ATGTCTGAAGATAGTGATAG	P-SRFBP1-1
SRFBP1	G12D	2	4.5	5	1	1	P	ATGTCTGAAGATAGTGATAG	P-SRFBP1-1
SRFBP1	G12D	1	12.6	10	1	1	P	ATGTCTGAAGATAGTGATAG	P-SRFBP1-1
SRFBP1	G12D	2	15.9	10	1	1	P	ATGTCTGAAGATAGTGATAG	P-SRFBP1-1
SRFBP1	G12D	1	3.04	15	1	1	P	ATGTCTGAAGATAGTGATAG	P-SRFBP1-1
SRFBP1	G12D	2	10.4	15	1	1	P	ATGTCTGAAGATAGTGATAG	P-SRFBP1-1
TMX1	G12D	1	6.06	0	1	1	P	TTGACAAGCAGGGCACCACG	P-TMX1-1
TMX1	G12D	2	10	0	1	1	P	TTGACAAGCAGGGCACCACG	P-TMX1-1
TMX1	G12D	1	4.11	5	1	1	P	TTGACAAGCAGGGCACCACG	P-TMX1-1
TMX1	G12D	2	3.9	5	1	1	P	TTGACAAGCAGGGCACCACG	P-TMX1-1
TMX1	G12D	1	15.7	10	1	1	P	TTGACAAGCAGGGCACCACG	P-TMX1-1
TMX1	G12D	2	4.33	10	1	1	P	TTGACAAGCAGGGCACCACG	P-TMX1-1
TMX1	G12D	1	5.43	15	1	1	P	TTGACAAGCAGGGCACCACG	P-TMX1-1
TMX1	G12D	2	1.13	15	1	1	P	TTGACAAGCAGGGCACCACG	P-TMX1-1
TNFAIP	G12D	1	3.95	0	1	1	O	GCTTCTCTCCGTCTGTGTGG	O-TNFAIP-1
TNFAIP	G12D	2	10.7	0	1	1	O	GCTTCTCTCCGTCTGTGTGG	O-TNFAIP-1
TNFAIP	G12D	1	1.92	0	2	2	O	AGATCGCCAACAGCAACGAG	O-TNFAIP-2
TNFAIP	G12D	2	6.98	0	2	2	O	AGATCGCCAACAGCAACGAG	O-TNFAIP-2
TNFAIP	G12D	1	3.16	5	1	1	O	GCTTCTCTCCGTCTGTGTGG	O-TNFAIP-1
TNFAIP	G12D	2	11.6	5	1	1	O	GCTTCTCTCCGTCTGTGTGG	O-TNFAIP-1
TNFAIP	G12D	1	7.24	5	2	2	O	AGATCGCCAACAGCAACGAG	O-TNFAIP-2
TNFAIP	G12D	2	8.89	5	2	2	O	AGATCGCCAACAGCAACGAG	O-TNFAIP-2
TNFAIP	G12D	1	3.77	10	1	1	O	GCTTCTCTCCGTCTGTGTGG	O-TNFAIP-1
TNFAIP	G12D	2	25.2	10	1	1	O	GCTTCTCTCCGTCTGTGTGG	O-TNFAIP-1
TNFAIP	G12D	1	9.35	10	2	2	O	AGATCGCCAACAGCAACGAG	O-TNFAIP-2
TNFAIP	G12D	2	3.16	10	2	1	O	GCTTCTCTCCGTCTGTGTGG	O-TNFAIP-1
TNFAIP	G12D	1	2.01	15	1	1	O	GCTTCTCTCCGTCTGTGTGG	O-TNFAIP-1
TNFAIP	G12D	2	1.86	15	1	1	O	GCTTCTCTCCGTCTGTGTGG	O-TNFAIP-1
TNFAIP	G12D	1	1.33	15	2	2	O	AGATCGCCAACAGCAACGAG	O-TNFAIP-2
TNFAIP	G12D	2	12.8	15	2	2	O	AGATCGCCAACAGCAACGAG	O-TNFAIP-2
ZFN425	G12D	1	8.73	0	1	1	P	GGGAATTTCTAAGCGCCCTG	P-ZFN425-1
ZFN425	G12D	2	6.02	0	1	1	P	GGGAATTTCTAAGCGCCCTG	P-ZFN425-1
ZFN425	G12D	1	3.14	5	1	1	P	GGGAATTTCTAAGCGCCCTG	P-ZFN425-1
ZFN425	G12D	2	1.85	5	1	1	P	GGGAATTTCTAAGCGCCCTG	P-ZFN425-1
ZFN425	G12D	1	4.01	10	1	1	P	GGGAATTTCTAAGCGCCCTG	P-ZFN425-1
ZFN425	G12D	2	2.79	10	1	1	P	GGGAATTTCTAAGCGCCCTG	P-ZFN425-1
ZFN425	G12D	1	1.87	15	1	1	P	GGGAATTTCTAAGCGCCCTG	P-ZFN425-1
ZFN425	G12D	2	1.54	15	1	1	P	GGGAATTTCTAAGCGCCCTG	P-ZFN425-1
ZMYND8	G12D	1	7.69	0	1	1	P	GCAGACAGCCACCACTACCA	P-ZMYND8-1
ZMYND8	G12D	2	0	0	1	1	P	GCAGACAGCCACCACTACCA	P-ZMYND8-1
ZMYND8	G12D	1	3.23	5	1	1	P	GCAGACAGCCACCACTACCA	P-ZMYND8-1
ZMYND8	G12D	2	4.29	5	1	1	P	GCAGACAGCCACCACTACCA	P-ZMYND8-1
ZMYND8	G12D	1	7.17	10	1	1	P	GCAGACAGCCACCACTACCA	P-ZMYND8-1
ZMYND8	G12D	2	26.6	10	1	1	P	GCAGACAGCCACCACTACCA	P-ZMYND8-1
ZMYND8	G12D	1	1.58	15	1	1	P	GCAGACAGCCACCACTACCA	P-ZMYND8-1
ZMYND8	G12D	2	4.6	15	1	1	P	GCAGACAGCCACCACTACCA	P-ZMYND8-1
