Gene	Timepoint	TdTomato	Rep	sgRNA No. 	sgrnaNo_real	Origin	Sequence	
AKR1C1	0	7.85	1	1	1	P	AGTGGATCTCTGTGCCACAT	P-AKR1C1-1
AKR1C1	0	13.5	2	1	1	P	AGTGGATCTCTGTGCCACAT	P-AKR1C1-1
AKR1C1	5	1.63	1	1	1	P	AGTGGATCTCTGTGCCACAT	P-AKR1C1-1
AKR1C1	5	2.49	2	1	1	P	AGTGGATCTCTGTGCCACAT	P-AKR1C1-1
AKR1C1	10	3.78	1	1	1	P	AGTGGATCTCTGTGCCACAT	P-AKR1C1-1
AKR1C1	10	4.51	2	1	1	P	AGTGGATCTCTGTGCCACAT	P-AKR1C1-1
AKR1C1	15	4.99	1	1	1	P	AGTGGATCTCTGTGCCACAT	P-AKR1C1-1
AKR1C1	15	8.72	2	1	1	P	AGTGGATCTCTGTGCCACAT	P-AKR1C1-1
ANKRD49	0	8.28	1	1	1	O	CAAAGACTTTGAGTACCAGT	O-ANKRD49-1
ANKRD49	0	5.17	2	1	2	O	AGGCAATTCTGATGAAGATG	O-ANKRD49-2
ANKRD49	0	6.92	1	2	3	O	AAAGTGTTCAGAAAAATCCA	O-ANKRD49-3
ANKRD49	0	5.77	2	2	2	O	AGGCAATTCTGATGAAGATG	O-ANKRD49-2
ANKRD49	0	12.2	1	3	4	O	GTGTTTCCAACAATTCAAGT	O-ANKRD49-4
ANKRD49	0	9.52	2	3	3	O	AAAGTGTTCAGAAAAATCCA	O-ANKRD49-3
ANKRD49	0	15.2	1	4	1	O	CAAAGACTTTGAGTACCAGT	O-ANKRD49-1
ANKRD49	0	17.1	2	4	4	O	GTGTTTCCAACAATTCAAGT	O-ANKRD49-4
ANKRD49	5	2.07	1	1	1	O	CAAAGACTTTGAGTACCAGT	O-ANKRD49-1
ANKRD49	5	15.5	2	1	1	O	CAAAGACTTTGAGTACCAGT	O-ANKRD49-1
ANKRD49	5	1.88	1	2	2	O	AGGCAATTCTGATGAAGATG	O-ANKRD49-2
ANKRD49	5	3.56	2	2	2	O	AGGCAATTCTGATGAAGATG	O-ANKRD49-2
ANKRD49	5	1.66	1	3	3	O	AAAGTGTTCAGAAAAATCCA	O-ANKRD49-3
ANKRD49	5	15.6	2	3	3	O	AAAGTGTTCAGAAAAATCCA	O-ANKRD49-3
ANKRD49	5	2.16	1	4	4	O	GTGTTTCCAACAATTCAAGT	O-ANKRD49-4
ANKRD49	5	11.7	2	4	4	O	GTGTTTCCAACAATTCAAGT	O-ANKRD49-4
ANKRD49	10	1.1	1	1	1	O	CAAAGACTTTGAGTACCAGT	O-ANKRD49-1
ANKRD49	10	11.8	2	1	1	O	CAAAGACTTTGAGTACCAGT	O-ANKRD49-1
ANKRD49	10	1.06	1	2	2	O	AGGCAATTCTGATGAAGATG	O-ANKRD49-2
ANKRD49	10	10.2	2	2	2	O	AGGCAATTCTGATGAAGATG	O-ANKRD49-2
ANKRD49	10	0.76	1	3	3	O	AAAGTGTTCAGAAAAATCCA	O-ANKRD49-3
ANKRD49	10	20.6	2	3	3	O	AAAGTGTTCAGAAAAATCCA	O-ANKRD49-3
ANKRD49	10	1.43	1	4	4	O	GTGTTTCCAACAATTCAAGT	O-ANKRD49-4
ANKRD49	10	8.73	2	 	4	O	GTGTTTCCAACAATTCAAGT	O-ANKRD49-4
ANKRD49	15	22.1	1	1	1	O	CAAAGACTTTGAGTACCAGT	O-ANKRD49-1
ANKRD49	15	33.3	2	1	1	O	CAAAGACTTTGAGTACCAGT	O-ANKRD49-1
ANKRD49	15	22.1	1	2	1	O	CAAAGACTTTGAGTACCAGT	O-ANKRD49-1
ANKRD49	15	27.1	2	2	2	O	AGGCAATTCTGATGAAGATG	O-ANKRD49-2
ANKRD49	15	16.4	1	3	3	O	AAAGTGTTCAGAAAAATCCA	O-ANKRD49-3
ANKRD49	15	26.4	2	3	3	O	AAAGTGTTCAGAAAAATCCA	O-ANKRD49-3
ANKRD49	15	13.1	1	4	4	O	GTGTTTCCAACAATTCAAGT	O-ANKRD49-4
ANKRD49	15	23.6	2	4	4	O	GTGTTTCCAACAATTCAAGT	O-ANKRD49-4
DLAT	0	5.3	1	1	1	P	ACTTGTTGCTGAAGGTACCA	P-DLAT-1
DLAT	0	4	2	1	1	P	ACTTGTTGCTGAAGGTACCA	P-DLAT-1
DLAT	5	1.43	1	1	1	P	ACTTGTTGCTGAAGGTACCA	P-DLAT-1
DLAT	5	3.24	2	1	1	P	ACTTGTTGCTGAAGGTACCA	P-DLAT-1
DLAT	10	1.01	1	1	1	P	ACTTGTTGCTGAAGGTACCA	P-DLAT-1
DLAT	10	5.11	2	1	1	P	ACTTGTTGCTGAAGGTACCA	P-DLAT-1
DLAT	15	5.42	1	1	1	P	ACTTGTTGCTGAAGGTACCA	P-DLAT-1
DLAT	15	35.4	2	1	1	P	ACTTGTTGCTGAAGGTACCA	P-DLAT-1
FANCG	0	4.76	1	1	1	O	ACGGTCAGCACTCAACCAGA	O-FANCG-1
FANCG	0	5.61	2	1	1	O	ACGGTCAGCACTCAACCAGA	O-FANCG-1
FANCG	0	9.65	1	2	2	O	GAAGAACAGGAACAGCTGCA	O-FANCG-2
FANCG	0	6.56	2	2	2	O	GAAGAACAGGAACAGCTGCA	O-FANCG-2
FANCG	0	11.6	1	3	3	O	TGGCCCGGAAGAGCAGCTCG	O-FANCG-3
FANCG	0	12.1	2	3	3	O	TGGCCCGGAAGAGCAGCTCG	O-FANCG-3
FANCG	5	2.88	1	1	1	O	ACGGTCAGCACTCAACCAGA	O-FANCG-1
FANCG	5	4.7	2	1	1	O	ACGGTCAGCACTCAACCAGA	O-FANCG-1
FANCG	5	4.37	1	2	2	O	GAAGAACAGGAACAGCTGCA	O-FANCG-2
FANCG	5	9.52	2	2	2	O	GAAGAACAGGAACAGCTGCA	O-FANCG-2
FANCG	5	12.2	1	3	4	K	ACGGTCAGCACTCAACCAGA	K-FANCG-4
FANCG	5	16	2	3	3	O	TGGCCCGGAAGAGCAGCTCG	O-FANCG-3
FANCG	10	0.17	1	1	1	O	ACGGTCAGCACTCAACCAGA	O-FANCG-1
FANCG	10	4	2	1	1	O	ACGGTCAGCACTCAACCAGA	O-FANCG-1
FANCG	10	1.18	1	2	2	O	GAAGAACAGGAACAGCTGCA	O-FANCG-2
FANCG	10	2.8	2	2	3	K	CAGCCTGCAGGCCAACCAGG	K-FANCG-3
FANCG	10	1.46	1	3	3	O	TGGCCCGGAAGAGCAGCTCG	O-FANCG-3
FANCG	10	3	2	3	3	O	TGGCCCGGAAGAGCAGCTCG	O-FANCG-3
FANCG	15	21.4	1	1	1	O	ACGGTCAGCACTCAACCAGA	O-FANCG-1
FANCG	15	38	2	1	1	O	ACGGTCAGCACTCAACCAGA	O-FANCG-1
FANCG	15		1	2		O		O-FANCG-
FANCG	15	27.1	2	2	2	O	GAAGAACAGGAACAGCTGCA	O-FANCG-2
FANCG	15		1	3		O		O-FANCG-
FANCG	15	19.1	2	3	3	O	TGGCCCGGAAGAGCAGCTCG	O-FANCG-3
FGFR1OP	0	3.83	1	1	1	P	GAGAAAAGTGAGATAAGTAT	P-FGFR1OP-1
FGFR1OP	0	6.25	2	1	1	P	GAGAAAAGTGAGATAAGTAT	P-FGFR1OP-1
FGFR1OP	5	2.86	1	1	1	P	GAGAAAAGTGAGATAAGTAT	P-FGFR1OP-1
FGFR1OP	5	1.54	2	1	1	P	GAGAAAAGTGAGATAAGTAT	P-FGFR1OP-1
FGFR1OP	10	4	1	1	1	P	GAGAAAAGTGAGATAAGTAT	P-FGFR1OP-1
FGFR1OP	10	1.72	2	1	1	P	GAGAAAAGTGAGATAAGTAT	P-FGFR1OP-1
FGFR1OP	15	7.72	1	1	1	P	GAGAAAAGTGAGATAAGTAT	P-FGFR1OP-1
FGFR1OP	15	20.9	2	1	1	P	GAGAAAAGTGAGATAAGTAT	P-FGFR1OP-1
GATA2DA	0	6.79	2	1	1	P	GACCCGGCATTGCCGCCCAG	P-GATA2DA-1
GATA2DA	0	11.6	1	3	1	P	GACCCGGCATTGCCGCCCAG	P-GATA2DA-1
GATA2DA	5	2.57	1	1	1	P	GACCCGGCATTGCCGCCCAG	P-GATA2DA-1
GATA2DA	5	2.21	2	1	1	P	GACCCGGCATTGCCGCCCAG	P-GATA2DA-1
GATA2DA	10	2.02	1	1	1	P	GACCCGGCATTGCCGCCCAG	P-GATA2DA-1
GATA2DA	10	2.29	2	1	1	P	GACCCGGCATTGCCGCCCAG	P-GATA2DA-1
GATA2DA	15	7.47	1	1	1	P	GACCCGGCATTGCCGCCCAG	P-GATA2DA-1
GATA2DA	15	3.33	2	1	1	P	GACCCGGCATTGCCGCCCAG	P-GATA2DA-1
IFNA13	0	5.72	1	1	1	P	CGGTGCAGAATTTGTCTAGG	P-IFNA13-1
IFNA13	0	5.74	2	1	1	P	CGGTGCAGAATTTGTCTAGG	P-IFNA13-1
IFNA13	5	0.86	1	1	1	P	CGGTGCAGAATTTGTCTAGG	P-IFNA13-1
IFNA13	5	10.7	2	1	1	P	CGGTGCAGAATTTGTCTAGG	P-IFNA13-1
IFNA13	10	1.51	1	1	1	P	CGGTGCAGAATTTGTCTAGG	P-IFNA13-1
IFNA13	10	5.38	2	1	1	P	CGGTGCAGAATTTGTCTAGG	P-IFNA13-1
IFNA13	15	20.1	1	1	1	P	CGGTGCAGAATTTGTCTAGG	P-IFNA13-1
IFNA13	15	24.2	2	1	1	P	CGGTGCAGAATTTGTCTAGG	P-IFNA13-1
NDUFB10	0	7.69	1	1	1	O	TCACGGGTCGGTCCACGATG	O-NDUFB10-1
NDUFB10	0	7.27	2	1	1	O	TCACGGGTCGGTCCACGATG	O-NDUFB10-1
NDUFB10	0	11.8	2	2	2	O	ACAGGTATTACTACTACCAC	O-NDUFB10-2
NDUFB10	0	11.9	1	2	2	O	ACAGGTATTACTACTACCAC	O-NDUFB10-2
NDUFB10	0	5.29	1	3	3	O	CAGTGATGTCTGGCACGCGG	O-NDUFB10-3
NDUFB10	0	5.02	2	3	3	O	CAGTGATGTCTGGCACGCGG	O-NDUFB10-3
NDUFB10	0	9.52	2	4	4	O	AGACATCACTGAGTGCAAGG	O-NDUFB10-4
NDUFB10	0	8.41	1	4	4	O	AGACATCACTGAGTGCAAGG	O-NDUFB10-4
NDUFB10	5	1.57	1	1	1	O	TCACGGGTCGGTCCACGATG	O-NDUFB10-1
NDUFB10	5	4.21	1	2	2	O	ACAGGTATTACTACTACCAC	O-NDUFB10-2
NDUFB10	5	1.22	1	3	3	O	CAGTGATGTCTGGCACGCGG	O-NDUFB10-3
NDUFB10	5	1.65	1	4	4	O	AGACATCACTGAGTGCAAGG	O-NDUFB10-4
NDUFB10	5	3.35	2	1	1	O	TCACGGGTCGGTCCACGATG	O-NDUFB10-1
NDUFB10	5	6.93	2	2	2	O	ACAGGTATTACTACTACCAC	O-NDUFB10-2
NDUFB10	5	2.04	2	3	3	O	CAGTGATGTCTGGCACGCGG	O-NDUFB10-3
NDUFB10	5	3.65	2	4	4	O	AGACATCACTGAGTGCAAGG	O-NDUFB10-4
NDUFB10	10	2.25	1	1	1	O	TCACGGGTCGGTCCACGATG	O-NDUFB10-1
NDUFB10	10	1.76	2	1	1	O	TCACGGGTCGGTCCACGATG	O-NDUFB10-1
NDUFB10	10	2.76	1	2	2	O	ACAGGTATTACTACTACCAC	O-NDUFB10-2
NDUFB10	10	0.81	2	2	2	O	ACAGGTATTACTACTACCAC	O-NDUFB10-2
NDUFB10	10	1.87	1	3	3	O	CAGTGATGTCTGGCACGCGG	O-NDUFB10-3
NDUFB10	10	2.99	2	3	3	O	CAGTGATGTCTGGCACGCGG	O-NDUFB10-3
NDUFB10	10	2.79	1	4	4	O	AGACATCACTGAGTGCAAGG	O-NDUFB10-4
NDUFB10	10	3.28	2	4	4	O	AGACATCACTGAGTGCAAGG	O-NDUFB10-4
NDUFB10	15	20.2	1	1	1	O	TCACGGGTCGGTCCACGATG	O-NDUFB10-1
NDUFB10	15	25.9	2	1	2	O	ACAGGTATTACTACTACCAC	O-NDUFB10-2
NDUFB10	15		1	2		O		O-NDUFB10-
NDUFB10	15	14.6	2	2	2	O	ACAGGTATTACTACTACCAC	O-NDUFB10-2
NDUFB10	15	10.9	1	3	3	O	CAGTGATGTCTGGCACGCGG	O-NDUFB10-3
NDUFB10	15	21.8	2	3	3	O	CAGTGATGTCTGGCACGCGG	O-NDUFB10-3
NDUFB10	15	12	1	4	4	O	AGACATCACTGAGTGCAAGG	O-NDUFB10-4
NDUFB10	15	16.6	2	4	4	O	AGACATCACTGAGTGCAAGG	O-NDUFB10-4
NDUFB6	0	7.19	1	1	1	O	GTACCAGCGGCGACATGACG	O-NDUFB6-1
NDUFB6	0	6.11	2	1	1	O	GTACCAGCGGCGACATGACG	O-NDUFB6-1
NDUFB6	5	1.63	1	1	1	O	GTACCAGCGGCGACATGACG	O-NDUFB6-1
NDUFB6	5	2.17	2	1	1	O	GTACCAGCGGCGACATGACG	O-NDUFB6-1
NDUFB6	10	1.98	1	1	1	O	GTACCAGCGGCGACATGACG	O-NDUFB6-1
NDUFB6	10	1.86	2	1	1	O	GTACCAGCGGCGACATGACG	O-NDUFB6-1
NDUFB6	15	21.2	1	1	1	O	GTACCAGCGGCGACATGACG	O-NDUFB6-1
NDUFB6	15	23.8	2	1	1	O	GTACCAGCGGCGACATGACG	O-NDUFB6-1
NTAN1	0	39.4	2	1	1	P	GAGACAGAACAACTTCGTAT	P-NTAN1-1
NTAN1	0	12	1	1	1	P	GAGACAGAACAACTTCGTAT	P-NTAN1-1
NTAN1	5	2.52	1	1	1	P	GAGACAGAACAACTTCGTAT	P-NTAN1-1
NTAN1	5	7.58	2	1	1	P	GAGACAGAACAACTTCGTAT	P-NTAN1-1
NTAN1	10	3.48	1	1	1	P	GAGACAGAACAACTTCGTAT	P-NTAN1-1
NTAN1	10	7.9	2	1	1	P	GAGACAGAACAACTTCGTAT	P-NTAN1-1
NTAN1	15	1.79	1	1	1	P	GAGACAGAACAACTTCGTAT	P-NTAN1-1
NTAN1	15	4.37	2	1	1	P	GAGACAGAACAACTTCGTAT	P-NTAN1-1
NTC	0	2.97	1	1	2	K	TCACACGGGATCTCGCCGGT	K-NTC-2
NTC	0	1.32	2	1	2	K	TCACACGGGATCTCGCCGGT	K-NTC-2
NTC	5	2.9	1	1	2	K	TCACACGGGATCTCGCCGGT	K-NTC-2
NTC	5	1.87	2	1	2	K	TCACACGGGATCTCGCCGGT	K-NTC-2
NTC	10	1.42	1	1	2	K	TCACACGGGATCTCGCCGGT	K-NTC-2
NTC	10	1.53	2	1	2	K	TCACACGGGATCTCGCCGGT	K-NTC-2
NTC	15	12.1	1	1	2	K	TCACACGGGATCTCGCCGGT	K-NTC-2
NTC	15	9.12	2	1	2	K	TCACACGGGATCTCGCCGGT	K-NTC-2
PIM3	0	5.21	1	1	1	P	GACTGGTTCGAGCGGCCCGA	P-PIM3-1
PIM3	0	22.7	2	1	1	P	GACTGGTTCGAGCGGCCCGA	P-PIM3-1
PIM3	5	1.99	1	1	1	P	GACTGGTTCGAGCGGCCCGA	P-PIM3-1
PIM3	5	12.7	2	1	1	P	GACTGGTTCGAGCGGCCCGA	P-PIM3-1
PIM3	10	1.73	1	1	1	P	GACTGGTTCGAGCGGCCCGA	P-PIM3-1
PIM3	10	6.51	2	1	1	P	GACTGGTTCGAGCGGCCCGA	P-PIM3-1
PIM3	15	20.5	1	1	1	P	GACTGGTTCGAGCGGCCCGA	P-PIM3-1
PIM3	15	12.1	2	1	1	P	GACTGGTTCGAGCGGCCCGA	P-PIM3-1
RAB26	0	14.5	1	1	2	P	GGCCGGCCCTCGCTTGGCGG	P-RAB26-2
RAB26	0	7.39	2	1	2	P	GGCCGGCCCTCGCTTGGCGG	P-RAB26-2
RAB26	0	25	1	2	1	P	CAAGGATGGTGCTTTCCTGG	P-RAB26-1
RAB26	0	13.3	2	2	1	P	CAAGGATGGTGCTTTCCTGG	P-RAB26-1
RAB26	5	3.93	1	1	1	P	CAAGGATGGTGCTTTCCTGG	P-RAB26-1
RAB26	5	4.81	2	1	1	P	CAAGGATGGTGCTTTCCTGG	P-RAB26-1
RAB26	5	1.36	1	2	2	P	GGCCGGCCCTCGCTTGGCGG	P-RAB26-2
RAB26	5	4.26	2	2	2	P	GGCCGGCCCTCGCTTGGCGG	P-RAB26-2
RAB26	10	1.71	1	1	1	P	CAAGGATGGTGCTTTCCTGG	P-RAB26-1
RAB26	10	4.86	2	1	1	P	CAAGGATGGTGCTTTCCTGG	P-RAB26-1
RAB26	10	3.89	1	2	2	P	GGCCGGCCCTCGCTTGGCGG	P-RAB26-2
RAB26	10	7.07	2	2	2	P	GGCCGGCCCTCGCTTGGCGG	P-RAB26-2
RAB26	15	3.3	1	1	1	P	CAAGGATGGTGCTTTCCTGG	P-RAB26-1
RAB26	15	3.35	2	1	2	P	GGCCGGCCCTCGCTTGGCGG	P-RAB26-2
RAB26	15	16.3	1	2	2	P	GGCCGGCCCTCGCTTGGCGG	P-RAB26-2
RAB26	15	7.95	2	2	1	P	CAAGGATGGTGCTTTCCTGG	P-RAB26-1
SRFBP1	0	12.5	1	1	1	P	ATGTCTGAAGATAGTGATAG	P-SRFBP1-1
SRFBP1	0	12.7	2	1	1	P	ATGTCTGAAGATAGTGATAG	P-SRFBP1-1
SRFBP1	5	18	1	1	1	P	ATGTCTGAAGATAGTGATAG	P-SRFBP1-1
SRFBP1	5	8.78	2	1	1	P	ATGTCTGAAGATAGTGATAG	P-SRFBP1-1
SRFBP1	10	0.99	1	1	1	P	ATGTCTGAAGATAGTGATAG	P-SRFBP1-1
SRFBP1	10	4.27	2	1	1	P	ATGTCTGAAGATAGTGATAG	P-SRFBP1-1
SRFBP1	15	19.4	1	1	1	P	ATGTCTGAAGATAGTGATAG	P-SRFBP1-1
SRFBP1	15	4.95	2	1	1	P	ATGTCTGAAGATAGTGATAG	P-SRFBP1-1
TMX1	0	4.17	1	1	1	P	TTGACAAGCAGGGCACCACG	P-TMX1-1
TMX1	0	4.55	2	1	1	P	TTGACAAGCAGGGCACCACG	P-TMX1-1
TMX1	5	6.03	1	1	1	P	TTGACAAGCAGGGCACCACG	P-TMX1-1
TMX1	5	6.8	2	1	1	P	TTGACAAGCAGGGCACCACG	P-TMX1-1
TMX1	10	3.95	1	1	1	P	TTGACAAGCAGGGCACCACG	P-TMX1-1
TMX1	10	0.99	2	1	1	P	TTGACAAGCAGGGCACCACG	P-TMX1-1
TMX1	15	21.1	1	1	1	P	TTGACAAGCAGGGCACCACG	P-TMX1-1
TMX1	15	15.4	2	1	1	P	TTGACAAGCAGGGCACCACG	P-TMX1-1
TNFAIP	0	7.69	1	1	1	O	GCTTCTCTCCGTCTGTGTGG	O-TNFAIP-1
TNFAIP	0	10.9	2	1	1	O	GCTTCTCTCCGTCTGTGTGG	O-TNFAIP-1
TNFAIP	0	10.6	1	2	2	O	AGATCGCCAACAGCAACGAG	O-TNFAIP-2
TNFAIP	0	6.85	2	2	2	O	AGATCGCCAACAGCAACGAG	O-TNFAIP-2
TNFAIP	5	7.61	1	1	1	O	GCTTCTCTCCGTCTGTGTGG	O-TNFAIP-1
TNFAIP	5	3.47	2	1	1	O	GCTTCTCTCCGTCTGTGTGG	O-TNFAIP-1
TNFAIP	5	9.89	2	2	2	O	AGATCGCCAACAGCAACGAG	O-TNFAIP-2
TNFAIP	10	2.53	1	1	1	O	GCTTCTCTCCGTCTGTGTGG	O-TNFAIP-1
TNFAIP	10	0.97	2	1	1	O	GCTTCTCTCCGTCTGTGTGG	O-TNFAIP-1
TNFAIP	10	12.8	2	2	2	O	AGATCGCCAACAGCAACGAG	O-TNFAIP-2
TNFAIP	15	28.6	1	1	1	O	GCTTCTCTCCGTCTGTGTGG	O-TNFAIP-1
TNFAIP	15	41.2	2	1	1	O	GCTTCTCTCCGTCTGTGTGG	O-TNFAIP-1
TNFAIP	15	48.9	1	2	2	O	AGATCGCCAACAGCAACGAG	O-TNFAIP-2
TUBE1	0	10.3	1	1	1	P	GACACGAGATAATGAAGTTG	P-TUBE1-1
TUBE1	0	4.35	2	1	1	P	GACACGAGATAATGAAGTTG	P-TUBE1-1
TUBE1	5	8.93	1	1	1	P	GACACGAGATAATGAAGTTG	P-TUBE1-1
TUBE1	5	5.38	2	1	1	P	GACACGAGATAATGAAGTTG	P-TUBE1-1
TUBE1	10	7.33	1	1	1	P	GACACGAGATAATGAAGTTG	P-TUBE1-1
TUBE1	10	1.3	2	1	1	P	GACACGAGATAATGAAGTTG	P-TUBE1-1
TUBE1	15	2.39	1	1	1	P	GACACGAGATAATGAAGTTG	P-TUBE1-1
TUBE1	15	36	2	1	1	P	GACACGAGATAATGAAGTTG	P-TUBE1-1
ZFN425	0	8.37	1	1	1	P	GGGAATTTCTAAGCGCCCTG	P-ZFN425-1
ZFN425	0	13.3	2	1	1	P	GGGAATTTCTAAGCGCCCTG	P-ZFN425-1
ZFN425	5	2.55	1	1	1	P	GGGAATTTCTAAGCGCCCTG	P-ZFN425-1
ZFN425	5	3.58	2	1	1	P	GGGAATTTCTAAGCGCCCTG	P-ZFN425-1
ZFN425	10	1.63	1	1	1	P	GGGAATTTCTAAGCGCCCTG	P-ZFN425-1
ZFN425	10	1.45	2	1	1	P	GGGAATTTCTAAGCGCCCTG	P-ZFN425-1
ZFN425	15	9.06	1	1	1	P	GGGAATTTCTAAGCGCCCTG	P-ZFN425-1
ZFN425	15	13.4	2	1	1	P	GGGAATTTCTAAGCGCCCTG	P-ZFN425-1
ZMYND8	0	7.89	1	1	1	P	GCAGACAGCCACCACTACCA	P-ZMYND8-1
ZMYND8	0	14.3	2	1	1	P	GCAGACAGCCACCACTACCA	P-ZMYND8-1
ZMYND8	5	3.7	1	1	1	P	GCAGACAGCCACCACTACCA	P-ZMYND8-1
ZMYND8	5	19.5	2	1	1	P	GCAGACAGCCACCACTACCA	P-ZMYND8-1
ZMYND8	10	3.18	1	1	1	P	GCAGACAGCCACCACTACCA	P-ZMYND8-1
ZMYND8	10	7.84	2	1	1	P	GCAGACAGCCACCACTACCA	P-ZMYND8-1
ZMYND8	15	9.13	1	1	1	P	GCAGACAGCCACCACTACCA	P-ZMYND8-1
ZMYND8	15	23.1	2	1	1	P	GCAGACAGCCACCACTACCA	P-ZMYND8-1
